Cluster,Pergunta,Palavra chave
37,meu CPF consta invalido,
37,por que meu cpf parece como invalido,
37,que quer dizer cpf invalido,
37,como resolvo cpf invalido,
84,o que fazer quando o cpf aparece como invalido,
37,como regularizo um cpf inválido,
37,cliente consegue utilizar o mesmo celular para duas contas diferentes de cpf diferentes ,
37,pode cadastrar mesmo numero de celular para mais de uma conta com cpf diferente,
37,pode usar para mais de um cpf o mesmo celular,
37,como retirar restrição em CPf do cliente,
37,retirar restrição de CPF de cliente,
37,como faço para retirar restrição de cpf,
80,COMO REGULARIZAR CLIENTE COM CPF SUSPENSO,
80,COMO REGULARIZAR CPF SUSPENSO,
80,CPF SUSPENSO,
80,CPF SUSPENSO,
80,COMO REGULARIZAR PESSOA COM CPF SUSPENSO,
7,COMO INCLUIR CPF COMO DOCUMENTO PRINCIPAL,
7,colocar CPF como documento principal,
7,como faço cadastro de CPF como documento principal,
92,cpf não consta na base de mARGENS,
7,como cadastro CPF na base de Margens,
7,qual o caminho para fazer cadastro de CPF na base de Margens,
92,cpf não consta na base de dados para consignado,
92,como cadastro CPF na base de dados para consignado,
92,cpf não consta na data de base de consignado,
37,como regularizar cpf para resgate de capitalização ,
37,como regularizar cpf divergente na solicitação de resgate de capitalização ,
37,preciso fazer resgate de capitalização mas aparece erro de cpf divergente,
64,como proceder quando CNPJ/CPF esta regular no site da receita,
64,como proceder quando CNPJ/CPF esta regular no site da receita,
64,como proceder quando CNPJ/CPF esta regular no site da receita,
64,como proceder quando CPF esta regular no site da receita,
21,Quais as regras para Conta Corrente com bloqueio por irregularidade no CPF/CNPJ junto a Receita Federal?,
7,como incluir cpf no cadastro ,
7,como incluir o cadastro do cpf ,
7,onde inclui o cpf no cadastro,
7,como incluir cpf no cadastro antigo ,
92,Consignado com erro de localização de CPF,
92,"Erro no consignado ""CPF não localizado na base de dados""",
94,COMO ALTERAR CPF EM UMA CONTA CORRENTE,
37,COMO atualizo CPF EM UMA CONTA CORRENTE,
64,Como regularizar CPF/CNPJ na Plataforma de Atendimento quando o Cliente já está com status regular na Receita Federal?,
7,COMO ALTERAR NUMERO DE CPF NO CADASTRO DA CLIENTE,
92,Mensagem de erro CPF não consta na base de margens,
94,Como alterar o CPF?,
21,Como desbloquear Conta Corrente com bloqueio por irregularidade no CPF/CNPJ junto a receita federal?,
94,tem como alterar a carta de credito do cpf para cnpf,
94,como alterar de Cpf para cnpj?,
37,como transferir a carta de credito de cpf para cnpj?,
37,como transferir a carta de crédito de cpf para cnpj?,
92,cpf não consta na base de dados,
37,"Como solucionar o erro ""CPF não consta na margem""?",
7,cpf do cliente está errado no cadastro,
7,cpf do cliente está errado no cadastro,
37,sócio da empresa pode comprar o carro pelo CPF no consorcio,
37,carro ja estava alienando em outro cpf,
7, Como alterar CPF de um cadastro que não pertence ao Cliente?,
7,cpf em outro cadastro,
37,cpf em outro vinculado,
92,CPF DO CLIENTE COM DADOS DE OUTRO?,
7,CLIENTE COM CADASTRO DE OUTO CLIENTE NO CPF,
7,como alterar cpf quando não pertence ao cliente,
7,Como alterar CPF de um cadastro que não pertence ao Cliente?,
7,COMO ALTERAR DOCUMENTO PARA CPF PRINCIPAL?,
7,COMO ALTERAR CADASTRO PARA CPF COMO DOCUMENTO PRINCIPAL?,
37,como excluir vinculo do cpf do ex marido da conta da cliente,
37,como excluir vinculo de cpf,
37,como excluir vinculo cpf do ex marido,
80,TEM COMO REGULARIZAR O CPF SUSPENSO?,
80,CPF SUSPENSO,
80,CPF SUSPENSO NA RECEITA,
37,COMO CANCELAR O NOME ATRELADO AO CPF DO CLIENTE?,
37,alteração de cpf beneficio de inss,
37,como excluir a divida do CPF,
37,como tirar a divida do cpf ,
80,CPF SUSPENSO,
21,bloqueio cpf,
37,como efetuo o vinculo do cartão adicional no cpf do cliente,
72,cartão de credito vincular cpf no cartão,
72,como vincular um cpf ao cartao de credito,
37,como excluir restrição do cpf ,
37,pendencia de cpf no banco,
21,cliente com CPF irregular na receita federal,
21,Como desbloquear cartão com bloqueio por irregularidade no CPF junto a receita federal ?,
21,Como desbloquear cartão com bloqueio por irregularidade no CPF junto a receita federal ?,
37,retirar cpf de uma pessoa de um grupo de credito,
21,Como desbloquear cartão com bloqueio por irregularidade no CPF junto a receita federal ?,
21,Como desbloquear cartão de credito com bloqueio por irregularidade no CPF junto a receita federal ?,
37,COMO FACO PARA TRANSFERIR INVESTIMENTOS DO CPF DE PRIMEIRO PARA SEGUNDO TITULAR ,
37,limite por cpf de desconto de cheque?,
37,Cartão de débito emitido em CPF divergente do nome,
37,Como confirmo a qual CPF está vinculado um contrato cartão,
37,Como identifico a qual CPF está atrelado um contrato cartão ?,
37,consigo transferir investimentos de cpf,
37,consigo transferir investimentos de cpf,
37,como transferir investimentos de cpf,
92,erro: cpf nao consta na base de dados,
37,Quantidade maxima de consórcio por cpf,
37,Qual é a quantidade máxima permitida de consórcios por CPF,
37,consigo transferir investimentos entre cpfs,
84,dá para fazer transferencia de investimentos entre cpf,
7,cadastro de cpf com ocorrencias especiais,
7,como resolver cadastro de cpf com ocorrencias especiais,
7,acerto de cpf no cadastro,
7,como fazer acerto de cpf no cadastro,
7,Alterar documento principal para CPF no cadastro ,
37,como excluir cpf de documentos adicionais ,
37,como trocar o cpf de documentos adicionais ?,
7,como alterar cpf de documento de conversão de cliente ?,
62,CONSULTA CPF PARA EMISSÃO BOLETO,
37,erro no cpf credito salario inss,
37,c/c conjunta e o cliente quer fazer uma previdencia para cada CPF é possivel?  ,
37,cliente tem conta corrente conjunta e quer fazer uma previdencia para cada CPF,
37,é possível fazer previdencias separadas para cpf de cc conjunta,
12,como consultar rentabilidade do fundo do cliente por cpf?,
64,Como regularizar CPF/CNPJ no cadastro quando o Cliente já está com status regular na Receita Federal?,
7,como alterar o cpf para principal no cadastro,
21,cliente está com bloqueio de cpf na receita,
21,Quais as regras para Conta Corrente com bloqueio por irregularidade no CPF/CNPJ junto a Receita Federal?,
90,como alterar o nome e cpf no gravame de auto?,
90,como alterar o nome no gravame de auto?,
37,quantos creditos imobiliarios podem ser feitos por CPF,
37,como contratar cartao visa atrelado ao  platinum?,
37,mensalidade cartão  platinum,
59,valor da mensalidade do  cartão  platinum,
37,desconto na mensalidade cartão  platinum,
37,desconto na mensalidade do cartão  platinum para funcionários,
59,valor do desconto na mensalidade do cartão  platinum para funcionários,
37,caractetisticas cartão  platinum,
59,valor da anuidade cartão  platinum,
37,descodnto da anuidade cartão  platinum,
37,qual a anuidade do  platinum mastercard?,
22,FALAR COM RH,
22,falar no RH,
91,contato rh,
15,atendimento de rh,
37,telefone do rh para colaboradores ativos,
22,falar de rh,
53,assistencia de rh,
37,normas rh,
29,previdencia rh,
22,Preciso falar com o RH,
22,falar com rh,
29,rh previdencia,
37,como acessar a intranet de rh,
22,falar com rh,
61,Como eu abro um chamado no RH?,
22,falar com rh,
37,como acessar site do rh externo ,
37,ponto rh,
22,falar com RH,
22,Preciso falar com o RH,
22,preciso falar com rh,
22,falar com rh,
22,falar com rh,
22,como falar com rh,
22,como falar com rh,
22,falar com rh,
22,como falar com rh,
37,assuntos rh,
22,falar com rh,
37,ponto rh,
82,Como cadastrar e enviar o atestado médico ao RH?,
22,FALAR RH,
22,FALAR RH,
56,fale com rh,
56,fale com o rh,
56,fale com o rh,
56,fale com o rh,
56,fale com o rh,
56,fale com o rh,
22,falar com o rh,
22,falar com o rh,
37,TEL RH,
37,FONE DO RH,
37,rh cancelamento curso,
37,como anexar atestado médico no rh?,
37,rh,
37,Chat rh,
37,acessar rh externo,
37,rh qual tempo de permanencia em cargo/função?,
37,rh externo,
61,abrir chamado rh,
61,abrir chamado rh ferias,
10,cancelamento de seguro do cartão,
11,Como abrir de sinistro de seguro de vida?,
50,guia de remessa de seguros,
50,como gerar guia de remessa de capitalização e seguros,
58,como cancelo um seguro de vida socio empresa?,
41,contratar seguro de acidentes pessoais ,
41,como consultar proposta de seguro de acidentes pessoais,
20,qual o numero da empresa sulamerica seguros,
18,como descubro do que se trata seguro que esta sendo debito em conta corrente?,
37,como saber o seguro que está descontando do cliente,
37,quero saber qual é o seguro que está sendo descontado da conta corrente,
37,como reagendar o seguro auto?,
84,preciso fazer o reagendamento do seguro auto,
47,como cancelar seguro do cheque especial?,
47,como cancelo  seguro cheque especial?,
37,Qual procedimento para reagendar o seguro auto?,
37,declaração de unificada seguro morte natural,
37,valores do seguro vida novembro azul,
13,como fazer cancelamento de seguro de vida,
37,SEGURO DE VIDA  NOVEMBRO AZUL,
65,QUAL OS BENEFICIOS DO SEGURO DE VIDA ?,
10,cancelamento de seguro,
47,como consultar o seguro  de cheque especial?,
47,aonde consultar seguro  de cheque especial?,
53,assistencia 24h seguro patrimonial,
70,como reagendar a vistoria do seguro auto?,
37,SEGURO VIDA  NOVEMBRO AZUL,
36,Como funciona a campanha Novembro Azul do Seguro de vida?,
18,como consultar um debito de seguro do que se trata?,
12,como consultar seguro AP do que se trata?,
92,como consultar dados de um seguro AP?,
6,como cancelar seguro vida?,
20,Como ocorre o cancelamento por inadimplência para seguros de vida?,
59,maximo de valor de seguro de vida ?,
37,cancelamento de seguro cadastrado indevidamente,
37,cancelamento por contratação indevida de seguro ?,
37,cancelamento de seguro por arrependimento?,
59,valor maximo de valor segurado para seguro ap ?,
73,seguro não debitado,
85,Como solicitar cancelamento do seguro de vida?,
73,seguro não debitado em conta corrente,
18,como verificar o motivo da falta de debito do seguro,
73,por que o seguro não foi debitado,
79,caracteristicas de seguro odonto,
79,Quais as características do Seguro Plano Odonto Especial ?,
78,Como ocorre a teimosinha do seguro de vida?,
96,cancelamento de seguro residencial ,
96,cancelamento de seguro residencial para falecido,
37,o que é temosinha do seguro de vida?,
37,cancelar  seguro residencial para falecido,
37,CANCELAMENTO DE SEGURO NAO ACATADO ,
20,Como é efetuado o pagamento do prêmio dos Seguros Proteção Vida?,
61,abrir chamado sobre seguro nao debitado,
93,cotação de seguro auto,
59,ver valor de cota de seguro,
3,como cancelar seguro?,
25,Como solicitar segunda via da proposta de adesão do Seguro de Vida?,
25,onde acho segunda via de proposta de seguro de vida,
6,onde cancelar seguro vida?,
17,seguro não debitou da conta do cliente,
84,como fazer uma cotacao de seguro,
14,Como contratar o seguro incendio?,
17,seguro não debitou da conta do cliente,
10,CANCELAMENTO DE SEGURO AUTO,
17,seguro não debitou da conta do cliente,
69,fazer seguro da empresa,
37,como efetuar uma cotação de seguro,
33,Como acionar seguro de cartão?,
88,contratar seguro de vida empresa,
37,material de apoio seguro cartão protegido,
85,Como solicitar cancelamento do seguro de vida?,
18,como alterar conta de debito de seguro?,
18,onde altero a conta para debito do seguro,
18,como alterar conta para debito de seguro de carro?,
93,como fazer alteração na apolice de seguro auto?,
36,Campanha seguro auto,
96,cancelamento de seguro residencial,
96,cancelamento do seguro residencial,
96,cancelamento do seguro residencial,
92,Como consultar dados do Seguro Auto ?,
36,campanha seguro auto,
92,Como consultar dados do Seguro Auto ?,
36,campanha de seguro auto para novembro,
69,seguro galpao de empresa,
9,como realizar endosso de seguro?,
9,Como realizar endosso em seguro auto?,
3,como cancelar um seguro auto,
73,como abrir chamaodo sobre seguro nao debitado ?,
37,teto de cobertura de seguro,
61,como abrir chamado para seguro ?,
59,Qual o valor da tabela de Coberturas dos Seguros de Vida?,
68,idade maxima pra contratar seguro vida,
61,qual o prazo para resolução de chamado de produção de seguros?,
68,qual é a idade máxima aceitavel para fazer seguro de vida,
59,valor de cobertura de seguro vida,
37,seguro cartão basico,
84,como fazer endosso de seguro de vida,
50,guia de remessa seguros,
9,como realizar endosso de seguro de vida,
37,cancelamento de seguro que tem agendado no próprio mês?,
37,Quais os motivos de cancelamento do Seguro?,
40,Como emitir o bilhete do Seguro Acidentes de Cartões?,
40,Como emitir o bilhete do Seguro Acidentes de Cartões?,
37,como cancelar seguro e não cobrar a prestação?,
36,campanha de seguro auto,
52,cancelar seguro cartao protegido,
14,como contratar o seguro odonto,
36,qual a campanha de seguro auto ,
36,campanha seguro auto?,
12,Como consultar por qual canal foi contratado o seguro?,
68,qual idade maxima para seguro vida socio empresa,
69,como realizar cotação de seguro vida empresa trienal?,
37,desconto de seguro errado na conta de cliente,
69,seguro vida empresa trienal,
10,cancelamento renovação seguro auto automatico ,
65,SEGURO VIAGEM CARTAO VISA,
18,como descobrir debito de seguro errado,
37,seguro não consta como contratado ,
37,nao consigo identificar o seguro de um cliente,
95,cancelamento renovação automatica seguro auto,
9,endosso de seguro de vida como faz?,
70,seguro auto sem vistoria,
37,Quem são os beneficiários do Seguro?,
40,Como emitir o bilhete do Seguro Acidentes de Cartões?,
37,contratação de seguro ,
12,como consultar seguro ,
27,seguro cheque protegido,
84,como fazer endosso de seguro de vida,
44,como saber os beneficiarios do seguro contratado,
12,como consultar seguro ,
16,coberturas seguro generico,
69,regras do seguro empresa,
68,qual a idade maxima para seguro empresa?,
15,CENTRAL ATENDIMENTO SEGURO CANCELAMENTO ,
10,CANCELAMENTO SEGURO AUTO,
15,tefefone de central de seguro,
3,telefone para cancelar seguro,
37,como proceder para cancelar seguro cartao basico?,
98,envio de seguro,
50,remessa de seguro,
57,envio remessa de seguro,
61,COMO ABRIR CHAMADO DE SEGURO NAO DEBITADO?,
37,cancelamento seguro zurich minas,
36,Campanha para seguro auto,
36,Campanha de seguro auto na black friday,
3,como cancelar seguro?,
37,proposta negada de seguro,
67,seguro fiança para pessoa juridica,
3,como cancelar seguro auto?,
3,como cancelar seguro no cartão?,
37,cancelamento de seguro minas,
78,Como ocorre a teimosinha do seguro de vida?,
6,como cancelar seguro de vida?,
3,Como cancelar o seguro do cartão?,
84,seguro de vida como fazer endosso,
71,Como cadastrar endosso de beneficiário no Seguro de Vida?,
69,Como cancelar o seguro do cartão empresa?,
84,seguro de vida endosso como fazer?,
10,cancelamento de seguro?,
87,abertura de sinistro seguro incendio,
87,abertura de sinistro seguro por falecimento ,
52,Como Cancelar Seguro Cartão Protegido ,
9,como realizar endosso seguro de vida?,
52,como cancelar o seguro cartão protegido do cartão PJ?,
97,Como Cancelar Seguro Cartão Protegido por não reconhecimento de contratação ?,
18,como mudar a data do debito do seguro?,
6,como cancelar seguro vida empresarial,
16,quais as coberturas do seguro cartao protegido,
52,cobertura do seguro cartao protegido PJ,
37,quais as regras do seguro patrimonial?,
18,como fazer um aditamento da data de debito de um seguro?,
75,premio seguro credito imobiliario,
18,Debito indevido de seguro  na conta do cliente ,
84,fazer seguro de vida zurich,
75,premio seguro credito imobiliario,
18,Cliente reclama de debito de seguro  em sua conta,
87,acionamento de sinistro seguro de vida ,
69,caracteristicas seguro vida sócio empresa,
37,Quais são as modalidades do Seguro?,
69,consultar seguro vida sócio empresa,
37,seguro auto foi recusado,
37,caracteristicas SEGURO DENTARIO,
88,como contratar seguro vida sócio,
37,quero saber sobre SEGURO DENTISTA,
84,fazer seguro para motos,
37,qual o procedimento quando o seguro auto é cancelado?,
6,características do seguro vida sócio,
69,Quando ocorre a renovação do Seguro Vida Sócio Empresa?,
84,o que fazer quando a proposta de seguro auto é cancelada?,
69,cancelamento de seguro vida empresa,
14,contratar seguro para motocicleta,
88,contratar seguro vida empresa,
37,caracteristicas seguro auto sulamerica,
37,como simular seguro de carro,
6,cancelar seguro vida empresa,
94,como alterar endereço de apolice seguro patrimonial generico,
63,como incluir beneficiario em seguro vida,
37,caracteristicas seguro empresarial,
3,como cancelar seguro?,
84,como fazer endosso de seguro,
37,alteracao da data de seguro,
61,como abrir um chamado de seguro não debitado?,
9,Como efetuar o endosso para o Seguro?,
37,COBERTURA DO SEGURO VIDA ,
37,alteracao de seguro,
94,alterar seguro,
94,como alterar beneficiário no seguro de vida,
14,como contratar seguro viagem,
91,qual o contato da central de seguros?,
10,cancelamento seguro patrimonial pj,
37,é necessário encaminhar proposta de seguro assinada na alteração do endosso?,
3,como cancelar seguro residencial,
71,Como cadastrar endosso de beneficiário no Seguro de Vida?,
3,como cancelar seguro,
65,beneficios do seguro automoveis cartao platinum ,
88,contratar seguro vida empresa ,
79,cancelar seguro odonto PJ ,
37,alteração de beneficiário no seguro,
37,seguro de carro com cartao platinum ,
91,qual o contato seguro vida?,
20,Quando o segurado pode indicar um beneficiário nos Seguros Proteção Vida?,
4,alteracao de beneficiario de seguro,
91,qual o contato central de seguro vida?,
69,como cancela seguro vida empresa?,
10,CANCELAMENTO DE SEGURO,
9,é necessário a assinatura do cliente na alteração do endosso de seguro de vida?,
3,cancelar seguro cartão de crédito,
87,sinistro seguro de vida,
69,regras seguro vida empresa ,
62,consulta parcela seguro endosso reducao,
14,Quais os canais disponíveis para contratar Seguro Cartão?,
35,hello,
59,como consultar valor parcela seguro endossado?,
16,quais coberturas o banco cobre no seguro do cartão de credito,
52,SEGURO CARTAO PROTEGIDO,
37,como incluir eletro na apolice de seguro,
37,constestação de seguro,
42,estorno de seguro cartao protegido debito,
18,como estornar seguro cartao debito na conta corrente,
9,alteração de endosso no seguro de vida,
71,Como cadastrar endosso de beneficiário no Seguro de Vida?,
37,como incluir eletronicos na apolice de seguro,
37,saber data limite seguro de vida,
9,alteração de endosso do seguro de vida?,
20,abertura de conta para corretora de seguros,
68,qual a idade maxima para contratação de seguro de vida?,
16,Quais as coberturas do seguro odontológico?,
37,carencia seguro de vida morte natural,
35,hello,
37,carencia seguro de vida ,
37,data limite seguro de vida,
37,é permitido abrir conta corrente de corretores e agentes de seguro?,
37,COMO CONFIGURAR O OUTLOOK,
35,hello,
35,hello,
35,hello,
35,hello,
35,hello,
35,hello,
35,hello,
37,hola,
37,holaaaa,
37,lelião de veiculos,
34,configurar email?,
37,como configurar meu outlook?,
34,Como criar um email?,
89,COMO CONTRATAR SEGURO RESIDENCIAL SOB MEDIDA,
41,qual idade maxima seguro acidentes pessoais?,
94,como alterar a data do debito do seguro,
10,cancelamento de seguro,
52,como cancelar seguro cartão protegido pj?,
67,como cancelar seguro cartão pessoa juridica?,
47,seguro cheque especial protegido,
37,sinsitro seguro residencial,
47,qual a cobertura do seguro cheque especial protegido,
87,sinistro de seguro residencial,
47,quanto cobra o seguro cheque especial,
10,cancelamento de seguro ,
10,cancelamento de seguro auto ,
47,valor cobrado do seguro cheque especial,
10,cancelamento seguro ,
98,ENVIO DE PROPOSTA DE SEGURO?,
20,como cancelar seguros do financiamneto BNDES,
98,PRAZO PARA ENVIO DE SEGURO ?,
37,SEGURO DE VIDA NOVEMBRO AZUL,
36,Como funciona a campanha Novembro Azul do Seguro de vida?,
37,como calcular seguro auto?,
47,QUAL A COBERTURA DO SEGURO DE CHEQUE ESPECIAL?,
75,COMO ACIONAR SEGURO DO CREDITO IMOBILIARIO?,
16,quais são as coberturas do seguro cartão protegido?,
4,COMO CONSULTAR BENEFICIARIO DO SEGUROS Zurich,
37,qual a validade da cotação de seguro vida?,
37,QUAL A COBERTURA DO SEGURO DE LIMITE DE CONTA?,
37,qual a validade da cotação de seguro auto?,
6,cancelar seguro vida empresa,
20,cancelamento de seguros,
82,QUAL O PRAZO PARA ENVIAR UMA PROPOSTA DE SEGURO?,
37,SEGURO ROUBO E FURTO,
59,solicitação de valor para pagamento de seguro no consorcio,
37,antecipação de seguro no emprestimo,
37,o QUE COMPREENDE A COBERTURA DE ROUBO E FURTO NO SEGURO AUTO,
20,Como verificar o posicionamento de um sinistro em seguros?,
10,Como realizar o cancelamento do seguro vida,
37,Qual o público alvo do Seguro?,
23,Como imprimir apólice de seguro residencial ?,
20,Quais as profissões não podem contratar Seguros?,
18,debito seguro auto,
20,atendimento zurich seguros,
37,qual a validade da cotação de seguro auto?,
20,Como autorizar débito automático de Seguros ?,
37,pode debitar o seguro auto na conta de outra pessoa que não seja o condutor principal,
18,debito de seguro para terceiro,
69,cancelamento seguro vida empresa,
3,cancelar seguro,
16,quais coberturas do seguro auto,
9,Como realizar endosso em seguro auto?,
75,Como acionar seguro credito imobiliario,
37,DESCONTO SEGURO AUTO,
2,Cancelamento de seguro cartão protegido,
97,Como Cancelar Seguro Cartão Protegido por não reconhecimento de contratação ?,
2,cancelamento do seguro cartão protegido,
69,cancelamento de seguro vida empresa,
69,cancelamento de seguro vida empresa,
37,CARENCIA SEGURO DE VIDA ,
10,cancelamento seguro,
11,abrir sinistro do seguro acidentes pessoais ,
33,COMO ACIONAR O SEGURO CARTAO PROTEGIDO?,
69,cancelamento de seguro vida empresa,
33,Em quais situações posso acionar o Seguro de VidA,
37,como alterar os valores das coberturas de terceiros no seguro auto,
11,Como abrir sinistro do Seguro?,
85,como solicitar copia do pedido de cancelamento seguro,
52,cancelar seguro protegido,
37,qual o canal de acionamento do seguro proteção de credito consignado ?,
23,como imprimir a apolice do seguro previdencia,
59,é possivel alterar o valor dos danos a terceiros no seguro auto?,
11,Como abrir sinistro do Seguro?,
18,seguro cancelado e mesmo assim ocorreu o debito,
52,QUAL COBERTURA DO SEGURO CARTÃO PROTEGIDO?,
10,cancelamento do seguro,
2,cancelamento do seguro cartão protegido,
41,ABERTURA DE SINISTRO PARA SEGURO ACIDENTES PESSOAIS,
63,incluir beneficiario em seguro de vida ,
87,Seguro proteção residencial sinistro de instalação eletrica cobre?,
87,Seguro residencial cobre sinistro de instalação elétrica,
42,estorno seguro auto cancelado,
37,Quais os motivos de cancelamento do Seguro?,
70,cliente teve seu seguro cancelado por falta de vistoria,
37,carencia seguro de vida ,
37,como o canal de acionamento do seguro proteção consignado total ?,
11,Como abrir sinistro do Seguro?,
37,qual o canal de acionamento do seguro porteção de credito consignado ?,
37,quais as coberturad do seguro proteção residencial?,
42,como faço estorno de seguro cancelado,
44,inclusão de beneficiarios no seguro de vida,
43,declaraçao de recebimento de seguro de vida,
11,COMO ABRIR SINISTRO SEGURO CARTÃO?,
23,como imprimir apolice do seguro,
23,como imprimir apolice do seguro vida,
37,cliente efetuou cancelamento do seguro e mesmo assim ocorreu varios debitos seguido,
37,cobertura de seguro de vida,
68,idade para seguro de vida e seguro ap,
23,como imprimir apólice do seguro,
18,seguro foi cancelado e mesmo assim ocorreu o debito na conta da cliente,
60,como cadastrar seguro funeral?,
43,comprovante de recebimento de seguro de vida,
58,cancelamento de seguro de vida socio,
20,como autorizar seguros,
65,SEGURO VIAGEM MASTERCARD BLACK,
42,estorno de seguro ,
37,como liberar guia de remeça em seguro?,
37,CARENCIA MORTE NATURAL SEGURO DE VIDA ,
42,estorno de parcela de seguro debitada incorretamente,
37,seguro incendio,
42,estorno de parcela de seguro que debitou apos cancelamento,
9,como realizar endosso seguro de vida?,
42,como fazer estorno de seguro,
33,como acionar o seguro incendio,
42,estorno debito parcela seguro,
41,idade para seguro de acidentes pessoais,
65,QUEM TEM DIREITO A SEGURO VIAGEM DA MASTERCARD,
71,Como cadastrar seguro cartão?,
44,recebimento de beneficiarios de seguro de vida,
49,Como contratar seguro cartão protegido?,
37,COBRANÇA indevida não reconhecida seguro de vida ?,
14,como contratar seguro para medico,
37,o que é seguro renda medicos,
37,cobertura seguro renda medicos,
37,Quais as cobertura do seguro auto tokio marine ,
37,Quais são os benefícios da Assistência 24 Horas do Seguro Auto?,
33,regras para acionar seguro desemprego,
42,solicitação de estorno de seguro cartão protegido,
25,Reimpressão de via de seguro cartão protegido,
37,como aciono o seguro desemprego,
14,como contratar  o seguro viagem pela agencia?,
25,como imprimir 2 via de seguro cartão protegido,
25,Como imprimir 2a via de seguro cartão protegido?,
13,como fazer cancelamento de seguro residencial?,
41,como cancelar seguro acidentes pessoais ,
42,estorno cobrança de seguro?,
65,beneficios de cartão seguro viagem,
65,quais beneficios seguro viagem para cartão adicional,
65,beneficios seguro viagem para cartão adicional,
37,cobrança ndevida seguro de vida ?,
88,como contratar seguro vida ?,
59,Qual o valor do Seguro do Cartão?,
88,como contratar seguro vida ?,
36,CAMPANHA DE SEGURO DE VEICULO?,
37,como imprimir cotação de seguro realizada,
73,EFETIVAÇÃO DE SEGURO NAO DEBITADO DA CONTA,
3,como cancelar uma proposta de seguro auto,
69,simulador seguro vida empresa,
37,alteração de dependente de seguro,
79,Quais as condições gerais do Seguro Plano Odonto Especial ?,
65,beneficios seguro viagem para cartão adicional,
37,COMO CANCELAR UM SEGURO DE PENHOR RURAL,
25,segunda via endosso de seguro,
37,CANCELAMETNO DE SEGURO DE PENHOR RURAL,
37,Cancelamento de seguro residencia,
96,Cancelamento de seguro residencial,
8,seguro auto contratado e nao debitado,
37,CANCELAR SEGURO PENHOR RURAL,
8,seguro auto nao debitado da conta do cliente,
15,seguro auto central de atendimento,
37,seguro indevido,
37,seguro indevido cobrado na conta da cliente ,
37,seguro indevido,
13,como fazer cancelamento de seguro PJ?,
37,seguro indevido contestar,
37,contestar seguro indevido,
53,assistencia 24hs seguro residencial,
10,cancelamento de seguro por procuração,
12,como consultar classe de bonus de seguro auto?,
12,como consultar classe de bonus de seguro auto?,
20,SEGUROS AUTOMOVEIS LIBERTY SEGUROS,
37,cancelamento de seguro penhor rural ,
67,como cancelar o seguro de vida pessoa juridica?,
4,como alterar o beneficiario do seguro de vida,
37,FAZEMOS SEGURO AUTO TAXISTA,
25,como solicitar segunda via de apólice de seguro?,
28,CONTRATACAO DE SEGURO,
14,como contratar seguro de cartão ,
37,FAZEMOS SEGURO PARA TAXISTA,
88,COMO CONTRATAR SEGURO DE VIDA,
10,como realizar o cancelamento do seguro ?,
94,como alterar endereço de seguro?,
67,como cancelar o seguro de vida pessoa juridica?,
67,como cancelar o seguro de vida pessoa juridica?,
23,IMPRIMIR APOLICE SEGURO EMPRESA,
9,como realizar endosso de seguro patrimonial pj ?,
23,IMPRIMIR APOLICE SEGURO PJ,
87,QUAL A CARENCIA PARA ACIONAMENTO DE SINISTRO DE SEGURO RESIDENCIAL,
16,Quais as carências do Seguro?,
37,impressão da apólice de seguro,
53,assistencia pet seguro residencial ,
94,como alterar endereço de seguro patrimonial pj ?,
9,como realizar endosso de seguro patrimonial pj ?,
67,como cancelar o seguro de vida pessoa juridica?,
10,CANCELAMENTO DE SEGURO AUTO,
14,Quais os canais disponíveis para contratar Seguro Cartão?,
37,seguro para estabelecimento comercial,
37,outubro rosa seguro de vida,
87,SEGURO AUTO KM DE SINISTRO,
36,campanha seguro outubro rosa,
23,IMPRIMIR APOLICE SEGURO EMPRESARIAL,
37,bonus de seguro,
37,como retirar o seguro do cartão basico na abertura da conta ?,
37,COMO FUNCIONA A TRANSFERÊNCIA DE BÔNUS DE SEGURO AUTO ?,
23,IMPRIMIR APOLICE SEGURO EMPRESA,
37,Qual o limite de quilometragem de guincho no Seguro Auto?,
84,fazer endosso de seguro patrimonial? ,
84,como fazer alteração de seguro patrimonial ? ,
94,como alterar seguro patrimonial ? ,
81,debito seguro auto nao efetivado,
37,telefone allianz seguro auto,
25,SEGUNDA VIA DA APOLICE DE SEGURO DE AUTO ,
53,seguro residencial assistencia pet,
37,após vencimento do seguro como utilziar o bonus?,
37,quero saber como funciona o seguro de vida pj trienal,
71,Como cadastrar o seguro viagem?,
81,seguro auto nao efetivado,
36,Como funciona a campanha Novembro Azul do Seguro de vida?,
20,telefone da Liberty Seguros,
41,como cancelar seguro acidentes pessoais,
37,colocar seguro para pagar em boleto,
81,debito de seguro auto nao efetivado,
10,cancelamento de seguro,
18,debito de seguro auto nao efetivada,
8,seguro auto nao debitado,
73,colocar seguro que é debitado em conta para pagar em boleto,
37,como excluir o dependente do seguro de vida,
53,assistencia seguro residencial,
75,boleto seguro de credito imobiliario,
37,quando vence o bonus de renovação do seguro,
12,Como consultar o apolice de seguros patrimonial?,
37,como sei qual classe de bonus que o cliente tem no seguro auto?,
18,debito seguro auto nao realizado,
41,cancelamento de proposta de seguro acidentes pessoais,
75,como gerar boleto do seguro do credito imobiliario,
6,O que é necessário para a emissão de um seguro de vida?,
9,como realizar endosso seguro empresarial?,
18,debito seguro auto,
53,ASSISTENCIA 24 HORAS SEGURO RESIDENCIAL?,
8,seguro auto nao debitado,
37,é possivel debitar proposta de seguro auto em conta poupança?,
73,seguro nao debitado,
79,como realizar cancelamento do seguro plano odonto?,
41,Como realizar o endosso do seguro acidentes pessoais?,
20,como cancelar seguros e capitalização para clientes falecidos,
12,Como consultar por qual canal foi contratado o seguro?,
37,alteração de valores do seguro de vida,
37,como funciona alteração de valores seguro de vida,
79,como cancelar seguro odonto especial?,
79,como contratar seguro odonto especial?,
15,Qual o número da central de atendimento da assistência 24 horas do Seguro Patrimonial?,
18,como cancelar seguro de cartao de debito para cliente falecido,
61,ABERTURA DE CHAMADO SEGUROS,
37,como contrata seguro patrimonial,
37,Seguro Auto para motoristas de aplicativo de celular,
10,cancelamento de seguro de vida empresarial,
87,aviso de sinistro seguro de vida,
37,alteração de dependentes no seguro de vida,
14,contratar seguro de motocicletas,
62,consulta de seguro de vida,
87,sinistro seguro patrimonial,
11,como faço para abrir sinistro de seguro patrimonial empresarial,
3,como cancelar seguro patrimonial,
6,como cancelar um seguro de vida,
37,SEGURO AUTO LIBERTY - CONVENCIONAL,
37,cartão de crédito foi pago os últimos 4 meses somente fatura de anuidade e seguro ,
37,cliente quer o estorno dos gastos com cartão de crédito dos últimos 4 meses somente fatura de anuidade e seguro ,
37,cliente quer estorno de valores pagos em fatura somente de anuidade e seguro protegido,
37,cartao de credito sem uso e pago somente fatura de anuidade e seguro protegido,
87,sinistro seguro patrimonial,
87,doc para sinistro de seguro ,
12,consultar o seguro de vida,
37,Qual é o conceito de Seguro?,
81,seguro auto efetivado e nao debitado,
72,é possivel contratar um seguro de carro e o debito ocorrer no cartão de credito ?,
8,como consultar seguro auto ainda nao debitado,
37,como cancelar seguro sem assinatura eletronica,
37,carencia seguro vida ,
18,autorizar debito de seguro,
15,central sul america seguro auto,
14,Como contratar o Seguro?,
49,contratar seguro cartão protegido,
27,como cancelar seguro cheque protegido?,
27,seguro cheque protegido,
37,simular seguro auto,
20,Quais são os seguros obrigatórios na contratação de Crédito Imobiliário?,
52,seguro cartão protegido,
3,Como cancelar o Seguro?,
37,Conferir sorteio seguro,
72,seguro auto pode ser debitaado no cartão de credito ?,
72,seguro auto pode ocorrer o debito no cartão de credito?,
27,como cancelar seguro cheque protegido?,
27,o que é seguro cheque protegido,
65,valores de seguro viagem,
10,CANCELAMENTO de seguro no exterior?,
91,contato liberty seguros,
33,Como acionar o seguro cartão protegido?,
94,como alterar data de vencimento seguro auto,
87,sinistro seguros,
25,solicitação segunda via de contrato de seguro,
16,coberturas seguro auto,
93,emissao de apolice seguro auto,
3,como cancelar um seguro ?,
8,seguro auto nao debitado,
73,seguro nao debitado,
69,seguro empresa cotações,
37,Como cotar o Seguro Proteção Empresarial ?,
50,REMESSA DE SEGUROS,
84,como fazer cotação de seguro generico?,
47,cancelamento seguro cheque especial protegido,
31,Como recalcular cotação do Seguro Proteção Empresarial ,
20,Seguros Zurich telefone,
52,pagamento do seguro cartão protegido?,
37,como é efetuado o pagamento do seguro cartão?,
13,como fazer cancelamento do seguro cartão protegido?,
77,tarifa de seguro cartao ?,
37,SEGURO COMPRA PROTEGIDA DO CARTÃO ,
70,como consultar solicitação de vistoria de seguro auto,
70,como consultar vistoria do seguro auto,
70,como consultar agendamento de vistoria de seguro auto,
70,consultar vistoria de seguro auto,
70,como consultar vistoria de seguro,
70,como agendar vistoria de seguro autro,
41,acionar SEGUROS ACIDENTES PESSOAIS ,
37,inclusão de dependente no seguro de vida,
41,QUAIS SÃO AS COBERTURAS DO SEGURO ACIDENTES PESSOAIS ,
37,na contratação de cdc com seguro do veiculo,
18,como tirar seguro de debito em conta corrente,
52,saber seguro cartao protegido,
49,como contratar seguro cartão protegido?,
37,cdc com seguro do veiculo,
37,contratação de cdc com seguro do bem financiado,
84,como fazer endosso de cobertura no seguros patrimonial?,
9,Endosso seguro patrimonial ,
37,como agendar seguro auto,
84,Como fazer endosso no seguro patrimonial?,
9,Como efetuar o endosso para o Seguro?,
37,ALTERAÇÃO DE LOCAL SEGURADO DO SEGURO RESIDÊNCIAL,
10,cancelamento de seguro de vida,
14,Como contratar seguro patrimonial?,
84,Como fazer endosso no seguro empresarial?,
18,debito automatico seguro,
20,Como autorizar débito automático de Seguros ?,
18,debito automatico de seguro,
37,seguro de vida com albert einsten,
20,Como autorizar débito automático de Seguros ?,
73,COMO CORRIGIR SEGURO DEBITADO INTEGRALMENTE,
37,qual o seguro proteção de vida de acidente pessoais ,
37,qual o beneficio de seguro proteção de vida de acidente pessoais,
37,seguro proteção de vida de acidente pessoais ,
37,SEGURO QUE DEBITOUI INTEGRALMENTE,
37,SEGURO PROTECAO ACIDENTES PREMIADOS,
14,contratar seguro de caminhao,
14,como contratar seguro de caminhao,
3,Como cancelar o Seguro?,
37,tel seguro de vida,
6,CANCELAR SEGURO DE VIDA,
37,qual cobertura do seguro cartão pregido?,
16,como verificar as coberturas do seguro cartão protegido?,
20,IMPRIMIR APOLICES DE SEGUROS,
16,como verificar as coberturas do seguro cartão protegido?,
52,como cancelar seguro de protecao do cartao ?,
2,cancelamento de seguro cartão protegido,
96,como realizar o cancelamento seguro residencial?,
2,cancelamento de seguro cartão protegido,
97,Como Cancelar Seguro Cartão Protegido por não reconhecimento de contratação ?,
10,cancelamento de seguro?,
95,renovação automatica de seguro sem autorização,
84,fazer seguro de moto,
97,cancelamento de seguro de cartão por não reconhecimento,
14,seguro moto como contratar ?,
97,Como Cancelar Seguro Cartão Protegido por não reconhecimento de contratação ?,
6,como cancelar seguro de vida,
61,abertura de chamado de seguros,
65,seguro viagem quais beneficios?,
12,consultar apolice de seguro,
25,Como solicitar segunda via de apólice do Seguro?,
52,Como cancelar o seguro de cartão protegido pela agência?,
12,como consultar seguro cartao,
37,Quais os canais para cancelar o seguro de cartão de crédito?,
37,Quais os motivos de cancelamento do Seguro?,
14,CONTRATAR SEGURO DE MOTO KAWASAKI,
84,FAZER SEGURO AUTO PARA MOTOS,
3,Como cancelar o seguro de cartão de crédito?,
3,Como cancelar o Seguro?,
14,como contratar seguro de cartão?,
3,Como cancelar Seguro,
14,Quais os canais disponíveis para contratar Seguro Cartão?,
3,Como cancelar o Seguro?,
37,SEGURO AUTO PARA MOTOS,
94,Como alterar beneficiários do seguro de vida,
37,Como cancelar seguro limite da conta,
33,quantas vezes o cliente pode acionar o seguro bolsa protegida?,
14,como contratar seguro do cartão?,
37,como cancelar seguro presamsitas?,
52,como cancelar o seguro cartao protegido do cartao de credito,
14,Como contratar o Seguro?,
49,Como  contratar Seguro Cartão  Protegido,
97,Como Cancelar Seguro Cartão Protegido por não reconhecimento de contratação ?,
10,CANCELAMENTO DE SEGURO,
20,FRAUDE DE SEGUROS ,
42,ESTORNO DE SEGUROS,
3,CANCELAR UM SEGURO ,
12,CONSULTAR UMA PROPOSTA DE SEGUROS,
12,CONSULTAR UMA PROPOSTA DE SEGURO,
37,simular seguro auto,
84,como fazer o seguro adquirencia?,
10,cancelamento de seguro?,
37,PROPOSTA DE SEGURO DE VIDA EM ANALISE?,
37,SEGURO AUTO FUNCIONARIO TEM DESCONTO,
73,SEGURO DE VIDA CONTRATADO MAS NAO FOI DEBITADO?,
37,como dar entrada no seguro de vida por morte ?,
73,SEGURO DE VIDA CONTRATADO MAS NAO FOI DEBITADO?,
33,como acionar o seguro de vida em caso de morte ?,
37,seguro para condominio?,
9,endosso de seguro ,
4,endosso de seguro beneficiario,
37,seguro residencial para maior de 80 anos ,
37,seguro patrimonial para condominio?,
78,Como ocorre a teimosinha do seguro de vida?,
9,endosso de seguro,
68,limite de idade para seguro de residencia ,
68,limite de idade para seguro protefao residencial ,
37,fazemos seguro para taxi,
25,onde imprimir a segunda via de apolice de seguros?,
9,Endosso do Seguro,
60,como cancelar seguro funeral?,
58,pontuação de seguro vida socio ,
25,2 via de apolice de seguro,
25,2 via de apolice de seguro auto,
3,Como cancelar apólice de Seguro Auto?,
15,seguro tokio marine  central,
37,quanto tempo demora para chegar a apolice de seguro auto,
12,como consultar apolice de seguro alto,
85,Como solicitar apólice do Seguro Auto?,
25,Como solicitar segunda via de apólice do Seguro?,
60,cancelamento de seguro auxilio funeral,
85,Como solicitar apólice do seguro auto?,
16,editar coberturas de seguro,
99,cancelar seguro pessoa fisica,
42,SOLICITAÇÃO DE ESTORNO SEGURO,
42,SOLICITAÇÃO DE ESTORNO SEGURO CARTÃO,
92,Como alterar dados da ápolice de seguro de vida?,
60,como cancelar o seguro funeral?,
37,cotação seguro motocicletas,
60,como cancelar seguro auxilio funeral?,
41,seguro acidentes pessoais?,
10,cancelamento de seguro PJ,
59,Qual o valor do Seguro do Cartão?,
60,Como cancelar o seguro auxilio funeral?,
37,qual a franquia do seguro patromonial?,
37,qual as franquias do seguro patriminial empresarial?,
9,endosso do seguro empresarial,
9,endosso do seguro patrimonial,
37,seguro dental para cliente,
9,endosso do seguro patrimonial,
9,endosso do seguro empresarial,
9,endosso do valor do seguro empresarial,
37,como efetivar seguro odontologico,
79,Qual as características do Seguro Plano Odonto Especial ?,
37,Como simular seguro genérico empresas,
37,Como cotar o seguro agrícola?,
68,idade limite seguro vida,
86,assistencias seguro residencial,
44,como alterar beneficiarios do seguro vida ,
79,Quais as condições gerais do Seguro Plano Odonto Especial ?,
16,Quais as coberturas do Seguro Cartão ?,
16,Quais as coberturas do Seguro Cartão ?,
84,Como fazer a cotação de um seguro agrícola?,
37,Quando é obrigatório o seguro agrícola?,
89,seguro de acidentes pessoais sob medida,
9,Como efetuar o endosso para o Seguro?,
37,consignado com desconto por seguro de vida,
33,acionar seguro familiar,
9,endosso do seguro empresarial,
71,como cadastrar beneficiário no seguro de vida em grupo,
84,Como fazer a adesão do seguro de vida em grupo?,
51,Declaração inexistência outros seguros,
59,seguro de vida até que valor de cobertura o cliente pode ter concentração,
14,como contratar seguro odontológico,
79,Qual as características do Seguro Plano Odonto Especial ?,
79,Qual a carência do Seguro Plano Odonto Especial?,
10,cancelamento de seguro ,
79,Quais as condições gerais do Seguro Plano Odonto Especial ?,
59,Qual o valor da tabela de Coberturas dos Seguros de Vida?,
51,declaração de inexistente de outros seguros,
36,campanha seguro auto,
36,código campanha seguro auto,
15,central seguro auto,
37,seguro cartão protegido completo,
39,como consultar taxa seguro auto,
36,como consultar código campanha seguro auto,
16,Quais as coberturas do Seguro?,
37,Como funciona a promoção Seguro Premiado?,
51,declaração inexistente de outros seguros,
37,CARENCIAS SEGURO DE VIDA,
37,quitar seguro de vida,
37,como quitar seguro de vida?,
37,como quitar seguro de vida?,
37,como antecipar parcelas de seguro,
73,como localizar um seguro debitado em conta pj,
37,como antecipar parcelas de seguro de vida,
73,como localizar um seguro debitado em conta pj,
37,seguro de vida pode quitar,
93,COMO SOLICITAR A APOLICE DO SEGURO AUTO?,
10,cancelamento de seguro patrimonial ,
13,como fazer cancelamento de seguro a mais de 90 dias,
27,como cancelar o seguro cheque protegido,
27,como cancelar o seguro cheque protegido,
27,como cancelar o seguro cheque empresa,
37,seguro de auto liberty tem quanto de guincho,
59,Qual o valor do capital segurado do Seguro?,
37,quanto é o guincho do seguro da liberty,
37,efetivação de seguro em conta incorreta como cancelar? ,
37,como cancelar um seguro feito errado? ,
37,seguro de carro a liberty qual a kilometragem ,
75,seguro habitacional credito imobiliario,
33,Acionar o seguro de vida  por falecimento?,
14,como contratar seguro de viagem ,
37,seguro vida premiado garante desconto,
16,Quais os benefícios do Seguro?,
6,COMO CANCELAR SEGURO VIDA GRUPO PJ,
6,COMO CANCELAR SEGURO VIDA EMPRESA,
11,como abrir sinistro de seguro residencial ?,
37,Como cancelar proposta de Seguro Auto até 1 dia após a efetivação?,
20,Como cancelar proposta de seguros AP?,
62,consulta de seguro sinistro,
37,Como verificar seguro?,
60,Como cancelar proposta deseguro funeral?,
37,como verificar proposta de seguro?,
37,Qual é o conceito de Seguro?,
37,como verificar proposta de seguro?,
96,CANCELAMENTO DE SEGURO INCENDIO RESIDENCIAL,
27,cobertura seguro cheque empresa,
85,Como solicitar apólice do Seguro Auto?,
25,Como solicitar segunda via de apólice do Seguro?,
16,Quais as coberturas do Seguro de Acidentes de Viagens da bandeira Visa?,
41,Como realizar o cancelamento do seguro Acidentes pessoais?,
40,bilhete de seguro viagem ,
84,como fazer seguro viagem,
36,campanha promocional de seguro auto,
65,como emitir o seguro de viagem contratado pelo cartão de crédito,
16,quais coberturas do seguro de vida?,
40,como emitir o bilhete de seguro viagem,
37,cobertura maxima seguro residencial ?,
20,comoverificar o posição de um sinistro  em seguros ,
37,cobertura maxima seguro residencial ?,
3,como cancelar o seguro ,
96,cancelamento de seguro residencial,
88,CONTRATAR SEGURO DE VIDA PARA AUTONOMO,
96,cancelamento de seguro residencial,
68,qual idade maxima para seguro de vida?,
37,seguro auto franquia facultativa,
6,como cancelar seguro de vida?,
37,cancelmaneto de seguro pra deficiente auditivo/,
10,cancelamento de seguro,
96,cancelamento seguro residencial,
25,2 via de apolice de seguro residencial,
96,cancelamento de seguro residencial,
84,como fazer endosso de seguro,
37,nao consigo cancelar o seguro residencial,
79,Quais as condições gerais do Seguro Plano Odonto Especial ?,
2,como realizar o cancelamento do seguro cartão protegido,
37,ENTENDER DÉBITO DE SEGURO DE UMA CONTA,
16,Quais as opções de seguro de vida para sócio?,
18,CONSULTAR DEBITO DE SEGURO NA CONTA,
65,como funciona o seguro viagem,
88,Contratar seguro vida sócio,
65,Qual é o conceito do Seguro Viagem ?,
18,DEBITO DE SEGURO REALIZADO NA CONTA?,
33,como acionar seguro viagem,
37,CLIENTE ATRASANDO UM MÊS DE SEGURO FICA INATIVO ?,
12,Como consultar porque não ocorreu o débito automático do seguro do Cliente?,
11,como abrir sinistro de seguro viagem,
37,oNDE PEGAR APÓLICE DE SEGURO DE AUTO,
11,Como abrir sinistro do Seguro?,
10,CANCELAMENTO DE SEGURO,
25,Como pegar segunda via de apólice de seguro auto?,
18,SEGURO RESIDENCIAL QUE NÃO OUVE O DEBITO,
85,Como solicitar apólice do Seguro Auto?,
10,CANCELAMENTO DE SEGURO,
36,campanha de seguro auto,
37,Obrigatoriedade de seguro para garantia de veiculo?,
37,cp com garantia de veiculo precisa ser com seguro a favor do banco?,
4,ALTERACAO BENEFICIARIO SEGURO VIDA,
18,é possivel agendar a data de pagamento de debito do seguro de vida?,
16,Coberturas do seguro patrimonial,
42,estorno de seguro cartão ,
18,é possivel agendar a data de debito do seguro ?,
37,é possivel agendar a data de pagamento de seguro ?,
41,O QUE COBRE O SEGURO ACIDENTES PESSOAIS,
52,como cancelar seguro de cartão protegido,
97,Como Cancelar Seguro Cartão Protegido por não reconhecimento de contratação ?,
63,como incluir beneficiario no seguro de vida?,
53,assistencia seguro residencial,
14,como contratar seguro viagem na agência,
18,tem como agendar a data de debito de um seguro de vida?,
18,tem como agendar a data de debito do seguro de vida?,
27,como cancelar seguro cheque protegido,
12,Como consultar a página de Seguros na intranet?,
18,tem como agendar a  data de debito do seguro de vida,
37,tipos de seguro,
87,abertura de sinistro Seguro do Cartão Protegido,
33,como acionar o seguro viagem ,
65,Qual o Público Alvo do Seguro Viagem ?,
33,como acionar seguro viagem ,
33,como acionar seguro viagem,
41,coberturas do seguro de acidentes pessoais,
41,quais as coberturas do Seguro Acidentes Pessoais?,
37,como contrar seguro de vida ,
65,Qual o Público Alvo do Seguro Viagem ?,
65,seguro viagem como funciona,
65,qual cartao é isento do seguro viagem?,
87,sinistro seguro auto ,
65,Qual é o conceito do Seguro Viagem ?,
37,km do guincho do seguro auto sulamerica,
37,cobertura seguro auto ,
65,Qual é o conceito do Seguro Viagem ?,
37,cliente pode fazer seguro vida empresa e inclui parte de seus funcionarios?,
65,seguro viagem cobeturas,
16,Quais são as assistências do Seguro?,
10,cancelamento seguro pj,
65,qual cartão tem a isenção do seguro viagem,
69,como fazer seguro vida empresa,
65,Qual é o conceito do Seguro Viagem ?,
58,como cancelo um seguro?,
37,como reduzir seguro de vida,
28,contratacao seguro vida empresa,
58,como cancelo um seguro de vida?,
37,Como conseguir apólice de seguro de carro pj?,
95,cancelamento de renovacao automatica seguro auto,
25,Como solicitar segunda via de apólice do Seguro?,
37,Apólice de seguro automóvel,
65,como emitir o seguro viagem do cartão mastercard,
52,Proposta de adesão seguro cartão protegido,
37,Como cancelar proposta de Seguro Auto até 1 dia após a efetivação?,
25,Como solicitar 2 via proposta de adesão seguro cartão protegido,
37,Tipos de seguro residencial,
67,SEGUROS PESSOA JURIDICA,
65,quais cartões possuem o seguro viagem?,
65,cartões que possuem o seguro viagem?,
37,Quando começa a valer a vigência do seguro auto?,
70,Vigência do Seguro Auto somente após a vistoria?,
70,Quando é necessario realizar a vistoria prévia na contratação do Seguro Auto?,
37,qual o telefone das seguradoras de seguro auto,
37,Como imprimir termo ou proposta de adesão DO SEGURO do Cartão ?,
23,como imprimir proposta de seguro cartão protegido,
20,SulAmerica Seguros,
65,Qual o Público Alvo do Seguro Viagem do cartão?,
87,como fazer abertura de sinistro do seguro cartao,
20,CLIENTE TEM CARÊNCIA NA CONTRATAÇÃO DE SEGUROS?,
29,como cancelar seguro da previdencia?,
29,como cancelar seguro da previdencia?,
29,Como cancelar seguro da previdencia?,
49,como contratar seguro cartao protegido?,
14,Como contratar o Seguro?,
10,cancelamento seguro cartão pf,
85,Como solicitar apólice do seguro cartão protegido?,
37,passo a passo para contratar seguro cartyao protegido?,
33,qual o procedimento para acionar o seguro para enchentes?,
11,Como abrir sinistro de seguro,
46,seguro auto não debitou,
89,SEGURO PROTEÇÃO SOB MEDIDA PODE SER CONTRATADO PARA TAXI,
46,seguro auto nao debitou,
85,Como solicitar Seguro Viagem Cartão?,
37,Qual o público alvo do Seguro?,
46,seguro auto nao debitou,
10,cancelamento de seguro patrimonial,
37,cancelamento de seguro empresarial zurick,
85,Como solicitar Seguro Viagem Cartão?,
37,cobranca de seguro em conta,
47,como cancelar seguro cheque especial protegido,
37,cobranca de seguro vida grupo em conta errada,
37,cobranca de seguro vida grupo em conta errada,
87,sinistro seguro,
89,TAXISTA PODE CONTRATAR SEGURO PROTEÇÃO SOB MEDIDA,
85,Como solicitar Seguro Viagem Cartão?,
61,chamado sobre seguro,
49,Como contratar seguro cartão protegido?,
94,como alterar beneficiários no seguro?,
69,SEGURO VIDA EMPRESA TRIENAL,
67,cancelar seguro pessoa juridica,
37,o que compreende cobertura de vidros basico em seguro de auto,
47,Como cancelar o seguro cheque especial?,
47,Como cancelar o seguro do cheque especial?,
69,endosso de seguro vida empresa,
85,Como solicitar cancelamento do seguro de vida?,
87,sinistro de seguro residencial,
37,cancelmaneto seguro cartão,
10,cancelamento seguro cartão,
29,como cancelar um seguro que está atrelado a previdencia?,
29,Como fazer o cancelamento do seguro que é feito junto com a previdencia?,
29,como cancelar o seguro que é feito junto com a previdencia?,
29,como cancelar o seguro que é feito pela previdencia?,
65,A COBERTURA DO SEGURO VIAGEM É POR VIAJANTE?,
97,Como Cancelar Seguro Cartão Protegido por não reconhecimento de contratação ?,
49,como contratar seguro cartao protegido ?,
37,como saber o calculo por inadimplencia de um seguro residencial,
52,cancelar seguro cartao protegido,
27,cancelamento do seguro cheque protegido,
27,COMO CANCELAR SEGURO CHEQUE PROTEGIDO,
65,A COBERTURA DO SEGURO VIAGEM É POR VIAJANTE?,
59,Qual o valor do Seguro do Cartão?,
20,Como ocorre o cancelamento por inadimplência para seguros de vida?,
0,cancelar seguro que acabamos de contratar,
37,como efetivar a cotação de seguro protecao vida ,
37,qual o tipo de seguro comercializado para salas empresas,
28,como efetivar contratacao de seguro,
3,cancelar seguro ,
14,COMO CONTRATAR SEGURO VIAGEM?,
37,como conseguir o numero da apólice de um seguro imobiliário,
31,Como recalcular cotação do Seguro Proteção Empresarial Genérico?,
94,alterar data de vencimento do seguro,
89,cliente quer fazer um cancelameto do seguro sob medida,
37,liberação via internet autorizacao de seguro,
37,cancelamento de seguro de penhor rural,
37,seguro auto recusado,
3,Como cancelar seguro cartão?,
69,cancelar seguro vida empresa trienal,
14,como contratar seguro de viagem,
89,cancelar o seguro sob medida,
37,Como efetuar cotação do Seguro Proteção Empresarial Genérico?,
89,cancelar o seguro sob medida,
94,alterar data de vencimento seguro,
94,alterar data de vencimento seguro trienal,
26,vistoria do seguro do carro,
14,Como contratar o Seguro?,
11,Como abrir sinistro do seguro imobiliário?,
8,seguro de auto nao debitado,
79,Candelamento seguro ODONTO,
37,O que fazer quando não debita o seguro auto da conta com saldo?,
73,seguro nao debitado na conta do cliente,
37,o banco realiza seguro para contrato de execução de obra ?,
37,autorizar débito de seguro,
37,Como consultar se o débito na conta do Cliente refere-se a Seguro?,
37,como estornar seguro cartão,
46,nao debitou seguro de auto,
27,CANCELAMENTO DO SEGURO CHEQUE PROTEGIDO,
14,como contratar seguro para garantia de um contrato?,
15,central atendimento liberty seguros,
41,seguro acidentes pessoais coberturas,
14,seguro para proteção de contrato como contratar ?,
6,como cancelar o seguro vida empresa?,
37,como faz para autorizar seguro no internet banking,
14,Como contratar o Seguro?,
69,Como realizar o cancelamento do seguro vida empresa?,
14,como contratar seguro viagem,
18,autorização de debito seguro,
68,seguro auto até que idade,
68,seguro para veiculo até que idade,
37,Quais as categorias de veículos restritas para contratação de Seguro Auto?,
18,autorização de debito de seguro,
37,Cobertura de seguro auto no Peru,
68,idade para seguro auto,
37,seguro residencial inquilino não pagar o aluguel,
16,Quais as coberturas do Seguro?,
47,como cancelar o seguro cheque especial protegido,
18,debito seguro de vida ,
87,aviso de sinistro seguro cartao completo,
18,debito do seguro de vida nao efetuado ,
16,seguro cartão protegido coberturas,
36,campanha seguro outubro rosa,
37,impressão seguro consorcio ,
37,perda de aluguel no seguro residencial,
37,quais são as seguradoras do seguro auto,
36,Como funciona a campanha Novembro Azul do Seguro de vida?,
37,perda aluguel no seguro residencial,
37,preciso imprimir proposta de seguro ,
9,COMO REALIZAR O ENDOSSO DE UM SEGURO ,
33,como acionar o seguro de vida ?,
41,CARÊNCIA SEGURO ACIDENTES PESSOAIS,
16,QUAIS AS COBERTURAS DO SEGURO CDC PROTEGIDO MOTO VIDA/EMPREGO,
37,SEGURO PROTEGIDO MOTO VIDA/EMPREGO,
16,Quais são as coberturas de Seguro Auto?,
91,como entrar em contato com o seguro de vida ?,
18,ALTERAR CONTA CORRENTE PARA DEBITO SEGURO,
94,ALTERAR CONTA CORRENTE SEGURO AUTOMOVEL,
15,CENTRAL SEGURO AUTO,
27,como cancelar seguro cheque protegido?,
46,NAO DEBITOU O SEGURO AUTO DOP CLIENTE,
37,O que fazer quando não debita o seguro auto da conta com saldo?,
84,como fazer endosso veiculo zurich seguros,
46,nao debitou o seguro do cliente,
37,como contrata o seguro do cartao,
10,cancelamento de seguro ,
3,Como cancelar o Seguro?,
69,cancelamento seguro vida empresa,
51,Declaração inexistência outros seguros,
20,carta verde seguros sul america,
18,autorização de debito seguro auto,
37,seguro de consorcio,
20,como funciona carta verde seguros,
9,COMO EFETUAR UM ENDOSSO DE ENDEREÇO DE SEGURO RESIDENCIAL ,
6,Como cancelar seguro vida empresa?,
10,cancelamento de seguro pj ,
10,cancelamento de seguro,
3,como cancelar seguro,
3,como cancelar seguro residencial,
27,como cancelar o seguro do cheque protegido?,
94,como alterar data de seguro residencial ,
37,alteração de data de seguro ,
94,como alterar data de debito de seguro residencial ,
37,cancelamento de seguro renovado automaticamente,
3,Como cancelar apólice de Seguro Auto?,
10,cancelamento de seguro/,
37,como cancelar o seguro renovado automaticamente,
3,Como cancelar o Seguro?,
14,Como contratar seguro auto?,
37,endosso seguro auto tokyo marine,
47,como cancelar seguro cheque especial protegido?,
37,SEGURO RESIDENCIAL É QUAL TAMANHO DO IMOVEL? ,
27,CONCELAMENTO SEGURO CHEQUE PROTEGIDO,
27,COMO CANCELAR O SEGURO CHEQUE EMPRESA,
37,QUAL O CONCEITO DE TAMANHO DO IMOVEL  DO SEGURO RESIDENCIAL?  ,
78,Como ocorre a teimosinha do seguro de vida? ,
27,COMO CANCELAR O SEGURO PROTEGIDO CHEQUE EMPRESA,
41,como cancelar seguro acidenctes pessoais?,
65,seguro viagem pela bandeira master,
52,como cancelar seguro cartao protegido,
73,fiz um seguro para minha cliente e não foi debitado da conta dela,
27,COMO CANCELAR O SEGURO CHEQUE EMPRESA PROTEGIDO,
27,COMO CANCELAR O SEGURO CHEQUE EMPRESA,
27,COMO CANCELAR O SEGURO PROTEGIDO CHEQUE EMPRESA,
33,como acionar o seguro mastercard,
27,como cancelar seguro cheque protegido,
27,como cancelar seguro cheque protegido,
73,seguro de vida nao debitado,
59,redução valor seguro de vida,
20,Quais as profissões não podem contratar Seguros?,
78,teimosinha seguro vida,
66,o seguro da minha cliente nao esta debitando ,
27,COMO CANCELAR O SEGURO PROTEGIDO CHEQUE EMPRESA,
47,Como realizar o cancelamento do seguro cheque especial protegido?,
37,teimoninha seguro de vida?,
10,cancelamento de seguro auto,
16,quais coberturas e assintencias no seguro auto allianz,
52,como cancelar seguro cartao?,
63,como incluir o beneficiário do seguro de vida ?,
3,Como cancelar seguro empresarial genérico?,
9,endosso de seguro ,
58,cobertura seguro vida socio empresa,
12,como consultar classe de bonus de seguro auto?,
37,qual é o seguro para renda protegida?,
12,Como consultar as condições do seguro renda ?,
37,como ver as coberturas seguro sulamerica auto ?,
37,prazo de carencia seguro vida ,
33,Quantas vezes pode acionar o seguro de vida?,
59,Qual o valor do capital segurado do Seguro?,
27,Como cancelar o seguro cheque empresa protegido?,
16,Quais são as coberturas de Seguro Auto?,
40,Como emitir o bilhete do Seguro Acidentes de Cartões?,
33,Quantas vezes pode acionar o seguro proteção vida ?,
53,ASSISTENCIA 24 HORAS SEGURO PATRIMONIAL,
18,debito seguro ,
33,procedimento para acionar o seguro ?,
47,cancelar seguro cheque especial protegido,
69,COMO CALCULAR SEGURO PATRIMONIAL EMPRESA DE 20.000.000?,
86,quais assistencias do seguro auto allianz?,
47,cancelar seguro protegido cheque especial,
31,Como recalcular a cotação do Seguro Proteção Empresarial Genérico?,
37,Quais são os benefícios da Assistência 24 Horas do Seguro Auto?,
47,cancelar cheque especial seguro protegido,
6,como cancelar seguro de vida,
37,como saber qual seguro esta debitando em conta corrente ,
69,cancelamento de seguro vida empresa,
10,cancelamento seguro patrimonial,
18,localizar debito seguro ,
94,como alterar os beneficiários da apólice de seguro de vida,
72,cartão de credito seguro para nao correntista ,
44,SEGURO VIDA  BENEFICIARIOS,
72,cartão de credito seguro para nao correntista ,
16,Quais as coberturas do Seguro?,
27,como cancelar o seguro cheque protegido ?,
37,Caso de receber seguro dependente de menor?,
37,como cancelar seguro patrimonial feito no mesmo dia,
87,Abertura sinistro seguro residencial,
11,Como abrir sinistro de seguro?,
10,cancelamento de seguro,
87,seguro auto as peças em caso de sinistro não são originais?,
9,Alteração endosso do seguro alto?,
9,Endosso do seguro do carro?,
85,Como solicitar apólice do seguro residencial?,
84,Como fazer alteração de titular de um seguro?,
37,seguro para motoristas aplicativos,
73,cancelamento seguro debitado,
37,como funciona o seguro ?,
37,seguro contratado porem não aparece para autorizar,
37,seguro cancelado antes de 8 meses,
86,QUAIS SÃO AS ASSISTENCIAS DO SEGURO RESIDENCIAL DOSE DUPLA?,
9,Como efetuar o endosso para o Seguro?,
79,Qual as características do Seguro Plano Odonto Especial ?,
63,incluir beneficiários no seguro de vida já emitido,
14,contratar seguro para celular,
31,serviços do seguro empresarial,
94,ALTERAR O ENDEREÇO DO SEGURO RESIDENCIAL,
66,SEGURO DE CLIENTE NAO ESTA DEBITANDO,
18,Como consultar Debito de Seguro de vida não efetuado?,
46,COMO SABER O PQ NAO DEBITOU O SEGURO DO CLIENTE,
16,Quais são as assistências do Seguro?,
42,quanto tempo para estorno de seguro cair na conta,
37,quanto tempo para cair o seguro na conta,
37,quando cai o seguro na conta,
68,idade maxima seguro vida ,
78,teimosinha de seguros,
84,como fazer seguro genérico para pessoa jurídica?,
10,cancelamento de seguro,
37,COMO INCLUIR CONJUGE NA APOLICE DO SEGURO,
37,como funciona o seguro residencial?,
65,beneficios seguro do cartão,
65,beneficios do seguro do cartão de crédito,
84,COMO FAZER SEGURO DE VIDA COM COBERTURA PARA O CONJUGE ,
16,Quais as coberturas do Seguro?,
37,SEGURO DE VIDA COBERTURA PARA O CONJUGUE ,
37,Prazo para acionamento de seguro,
10,cancelamento de seguro,
37,seguro patrimonial mudança de endereço,
9,Como efetuar o endosso para o Seguro?,
68,ate qual idade para realizar seguro de vida,
68,qual idade maxima para seguro de vida empresa,
42,valor de estorno de seguro,
36,qual campanha esta vigente em seguro auto?,
42,quando entra o estorno na cotna de seguro cancelado,
37,quando entra o estonor do seguro,
10,cancelamento de seguro,
18,como verificar do que se trata debito de seguro?,
73,a que se refere um seguro debitado?,
20,indice de qualidade de seguros,
29,a que se refere a cobrança de seguro previdencia?,
37,OPCOES SEGURO DE VIDA,
37,DUVIDA PARA ADQUIRIR COPIA DO CERTIFICADO DA APOLICE SEGURO DE VIDA,
10,cancelamento de seguro,
69,Como realizar a contratação do seguro empresa,
60,o seguro de auxilio funeral pode ser contratado ate qual idade,
47,como retirar seguros cheque especial protegido ,
47,como cancelar seguro cheque especial ,
27,seguro cheque protegido ,
20,cancelamento de seguros,
16,quais as coberturas seguro de vida?,
20,cancelamento de seguros,
20,cancelamento de seguros,
3,como cancelar o seguro residencial,
88,Como contratar seguro de vida para terceiros,
16,Coberturas do seguro proteção familiar,
84,Como fazer a adesão do seguro de vida em grupo?,
51,declaração de inexistencia de outros seguros,
37,como verificar cobrança de seguro,
10,seguro de vida cancelamento,
12,como consultar um seguro residencial vinculado ao crédito imobiliário,
37,Quais os motivos de cancelamento do Seguro?,
10,seguro de vida cancelamento,
37,a que se refere a cobranca de seguro,
10,cancelamento de seguro,
23,IMPRIMIR APOLICE SEGURO ALTO ,
37,CANCELAMENTO DE SEGURO RECUSADO PELA SEGURADORA ,
9,endosso de seguro ,
3,Como cancelar seguro residencial ?,
84,como fazer endosso de seguro residencial ,
62,consulta apólice seguro auto?,
85,Como solicitar apólice do Seguro Auto?,
37,contratar seguro perda e roubo de cartoes ,
37,seguro perda e roubo do cartao ,
29,a que se trata seguro previdencia,
37,numero para ligar para seguro auto,
33,acionar seguro perda e roubo ,
72,como contratar seguro de cartao de credito ,
10,cancelamento de seguro,
72,seguro cartao de credito ,
3,cancelar seguro,
3,cancelar seguro,
52,contratação seguro de cartao ,
96,alteração de endereço do seguro residencial ,
71,Como cadastrar endosso de beneficiário no Seguro de Vida?,
37,eu consigo incluir outdoor no seguro patrimonial pj,
94,como alterar endereço do seguro residencial ,
75,o que cobre o seguro do contrato de credito imobiliario?,
14,Quais os canais disponíveis para contratar Seguro Cartão?,
36,campanha de seguros novembro azul,
85,como solicitar seguro patrimonial,
70,Vistoria de seguro auto ,
36,Quem pode participar da campanha Novembro Azul do Seguro de vida?,
82,quantos dias pode se enviar apolice de seguro ,
65,seguro cartão viagem,
37,inclusão de outdoor no seguro patrimonial pj,
37,como vou cancelar um seguro,
10,cancelamento de seguro,
72,contratação seguro cartao de credito ,
37,o que cobre no seguro habitacional?,
10,cancelamento de seguro,
52,seguro cartao protegido cartão black,
37,seguro de danos fisicos ao imovel?,
12,como consultar uma proposta de seguro cancelada,
52,valores seguros cartao protegido cartão black,
37,o que cobre no seguro habitacional?,
12,como consultar uma proposta de seguro já cancelada,
20,Regulamento Indicador de Qualidade de Seguros,
84,consigo fazer seguro para um cliente analfabeto?,
6,como cancelar seguro vida,
37,como saber quem solicitou o cancelamento de uma proposta de seguro,
16,quais são as restrições para seguro de vida,
3,Como cancelar o Seguro?,
20,Quais as profissões não podem contratar Seguros?,
27,cancelamento de seguro cheque protegido,
88,restrições para contratar seguro de vida,
37,canal onde foi cancelado o seguro de vida,
8,seguro auto não debitado,
37,como debitar um seguro auto que esta em atraso?,
37,seguro auto com parcela em atraso,
96,Como realizar o cancelamento do seguro residencial?,
14,Como contratar seguro para não afalbetizado?,
14,Como contratar seguro para afalbetizado?,
37,contratação de seguro para não analfabetizado,
37,como localizar seguro de vida,
18,debito de seguro auto não realizado,
37,bonus renovação seguro,
37,seguro auto parcela não debitada,
60,cobertura seguro proteção funeral,
37,como debitar uma parcela de seguro auto?,
37,como saber classe bonus seguro,
10,cancelamento de seguro,
94,como alterar endereço de seguro residencial,
10,cancelamento de seguro,
3,como cancelar seguro,
19,como imprimir boleto de seguro ficha de compensação,
6,como cancelar seguro de vida?,
8,seguro auto não debitado,
60,seguro de vida: auxilio funeral familiar,
6,como cancelar seguro de vida?,
19,como imprimir boleto de seguro acidentes pessoais,
8,seguro auto não debitado,
19,como imprimir boleto de seguro acidentes pessoais,
60,seguro de vida. auxilio funeral familiar,
37,seguro residencial para quem mora de aluguel,
37,seguro residencial para quem mora de aluguel,
37,seguro residencial para quem mora de aluguel,
73,seguro debitado e nao cadastrado,
73,seguro debitado ,
73,seguro debitado na conta mas nao consta cnpj,
10,cancelamento de seguro de vida,
37,cancelar seguro na conta terceiros,
37,cancelar seguro terceiro,
70,como reagendar vistoria de seguro de veiculo ? ,
6,como cancelar seguro de vida?,
10,cancelamento seguro,
15,central de atendimento sompo seguros,
37,senha para acessar apolice do seguro auto,
61,abrir chamado para cancelar seguro de vida?,
3,Como cancelar o Seguro?,
23,Como imprimir apolice do seguro auto?,
85,Como solicitar apólice do Seguro Auto?,
37,ALTERACAO DE ENDEREÇO PARA SEGURO PATRIMONIAL,
37,Quais as condições da classe de bônus do Seguro Auto?,
98,envio de exame medico para seguro de vida,
98,seguro de vida envio de documentação,
15,Qual é a Central de Atendimento do seguro viagem?,
53,Quais as assistencia temos no seguro residencial ? ,
86,assistencias no seguro residencial,
96,serviços no seguro residencial,
10,cancelamento de seguro,
37,Quais os motivos de cancelamento do Seguro?,
28,cliente com contratacao de seguro empresarial errado,
97,Como Cancelar Seguro Cartão Protegido por não reconhecimento de contratação ?,
37,qual é a coertura do seguro por desmoronamento,
16,Quais as coberturas da garantia do Seguro Proteção Residencial?,
15,central seguro auto para funcinario ,
36,quail o benefício dos seguros de vida  durante a campanha novembro azul?,
37,seguro protecao residencial cintrata para ata que idade ,
12,como consultar o meio de contratação de um seguro?,
12,Como consultar por qual canal foi contratado o seguro?,
52,COMO FUNCIONA ESSE SEGURO DE CARTAO PROTEGIDO?,
20,como contratar seguros ,
18,debito de seguro residencial que não ocorreu,
52,como cancelar o seguro do cartao,
59,Qual o valor do Seguro do Cartão?,
49,COMO CONTRATAR SEGURO CARTAO COMPLETO?,
37,como debitar o seguro na conta de terceiro,
37,PASSO A PASSO PARA CONTRATAR SEGURO CARTAO COMPLETO,
52,como cancelar seguro protegido do cartao,
41,Quais os benefícios do seguro acidentes pessoais?,
41,Qual a proteção do seguro acidentes pessoais?,
37,Quais são as modalidades do Seguro?,
16,Quais as coberturas do seguro ap?,
37,cobertura do seguro do emprestimo consignado,
52,SEGURO CARTAO PROTEGIDO COMPLETO,
37,fazemos seguro de taxi,
85,Como solicitar um seguro,
12,como consultar no sistema se o cliente está autorizado a fazer cambio,
12,como consultar se do cliente está habilitado para fazer cambio,
12,como consultar um cambio que o cliente recebeu?,
1,como calcular a conversão de uma ordem de pagamento recebida nas operações de cambio,
50,como consultar remessa de cambio enviada,
48,fechamento de cambio ,
37,qual a aliquota de IOF para operações de cambio,
37,cambio fisico na pj,
37,como operar com cambio pj?,
5,operação de cambio,
37,operação de cambio como liquidar,
5,operacao de cambio com garantia de investimento ,
12,como consultar cambio,
1,Como proceder quando a Ordem de Pagamento enviada não consta na planilha de Status de cambio?,
5,emissão de cambio,
37,Como fazar cambio,
76,QUAL A TARIFA COBRADA EM OPERAÇOES DE CAMBIO,
57,QUAL É A TAXA DO IOF PARA ENVIO DE REMESSA DE CAMBIO,
30,receber cambio,
37,reemitir cambio ,
37,operações de cambio acima de 3000,
1,cambio orfem de pagamento,
37,realizar operação de cambio,
1,LOCALIZAR UMA ORDEM DE CAMBIO?,
1,emitir ordem de pagamento cambio,
37,cambio swift,
48,fechamento de cambio não regularizado,
50,consultar remessa de cambio,
62,consulta de ordem de pagamento de cambio,
37,cambio swift verificar,
43,remessa de cambio recebimento,
1,recebimento de ordem de pagamento cambio,
98,envio de cambio,
12,swift cambio consultar,
62,consulta de ordem de pagamento de cambio,
37,liberação de investimento bloqueado por operação de cambio ,
37,autorizar cambio,
37,liberação de investimento para contrato de cambio ,
43,recebimento de cambio,
37,investimento bloqueado por operação de cambio ,
5,operacao de cambio naõ regularizada,
1,liberação de ordem de pagamento de cambio,
37,transferencia de cambio,
45,como fechar cambio atraves da mesa de cambio?,
37,como reimprimir um contrato de cambio pronto pj?,
37,como reimprimir um contrato de cambio pronto pj?,
45,como fechar ordem de cambio?,
5,operação de cambio ,
59,como verificar um valor vindo exterior cambio?,
12,Como consultar um vlr de cambio vindo do exterior?,
5,operaçao de cambio,
5,liquidar uma operacao de cambio,
5,liquidação de op cambio,
37,recebendo cambio pf,
62,consulta cambio,
39,taxa de cambio,
39,taxa para transação de cambio ,
48,fechamento de cambio pf,
59,como aumentar o valor para o cliente operar com cambio,
84,Como fazer alteração do limite operacional de cambio do cliente?,
37,emissao de cambio ,
62,consulta fechamento de cambio,
1,como localizar ordem de cambio,
48,como consultar pedido de fechamento de cambio?,
48,como consultar solicitação de fechamento de cambio,
76,qUAL É A TARIFA COBRADA EM OPERAÇÕES DE CAMBIO?,
77,Tarifa para cambio PJ,
77,Tarifa de cambio para ordem de pagamento PJ,
98,IOF para envio de cambio,
55,habilitação conta para cambio,
15,fone de central de atendimento cambio funcionario,
50,REMESSA DE CAMBIO PONTUAL,
71,COMO CADASTRAR CAMBIO?,
84,qual o limite para o cliente Select fazer um cambio?,
59,como realizar a devolução do valor do cambio em sua origem ,
37,como realizar cambio pelo aplicativo,
62,consulta ordem de cambio ,
48,fechamento de cambio pj ,
37,COMO REIMPRIMIR CONTRATO DE CAMBIO PRONTO PJ,
43,recebimento de cambio,
39,negociar taxa de cambio,
37,cliente não consgeue operar com cambio,
37,cliente não consegue operar com cambio ocorrendo mensagem excede limite diário,
37,aumentar limite cambio,
37,COMO IMPRIMIR CONTRATO DE CAMBIO PRONTO,
15,como falar na central na area de cambio?,
37,como cancelar contrato de cambio,
38,liquidacao de ordem cambio,
84,Como fazer alteração do limite operacional de cambio do cliente?,
84,como fazer cambio por procuração ?,
3,como cancelar operação de cambio?,
37,comprovante de operação de cambio,
30,receber cambio?,
37,REIMPRESSAO DE CONTRATO DE CAMBIO PRONTO PJ,
50,remessa de cambio,
37,como realizar cambio,
82,Como enviar ordem de cambio por procuração ?,
37,comprovante de swift de cambio,
50,remessa de cambio do exterior para o Brasil,
50,como criar uma remessa de cambio,
45,como fechar uma ordem de pagamento de cambio?,
50,criar remessa de cambio,
48,fechamento de cambio  PF?,
25,segunda via de contrato de cambio,
37,COMO ABRIR UMA CONTA PARA OPERAR COM CAMBIO,
39,saber a taxa de cambio,
25,segunda via de contrato de cambio,
12,COMO CONSULTAR SE TEVE PROBLEMA COM CAMBIO ,
48,FECHAMENTO DE CAMBIO INTERNET,
5,liquidação de cambio pf,
37,recepcionar cambio,
62,consulta ordem de cambio,
98,envio de cambio,
25,SEGUNDA VIA DE CONTRATO DE CAMBIO,
50,COMO FAZER DEVOLUÇÃO DE REMESSA DE CAMBIO?,
37,iof operação de cambio,
50,REMESSA DE CAMBIO NÃO DEVOLVIDA PRA CONTA,
25,SEGUNDA VIA DE CONTRATO DE CAMBIO,
37,ORDEM DE CAMBIO NEGADA E NÃO DEVOLVIDA PRA CONTA,
37,cambio recebido,
1,consilta ordem de cambio,
12,consultar liquidação de cambio ,
37,cambio comprovante ,
82,enviar cambio,
12,como faço para consultar se o cliente pode fazer cambio,
84,empresa está liberada para fazer cambio,
37,como operar cambio,
30,como receber cambio?,
30,como receber cambio do exterior?,
98,envio de cambio,
30,o que é necessário para receber uma ordem de cambio do exterior?,
37,perfil sistema ar cambio,
84,como fazer operação de cambio cliente empresas/,
48,fechamento cambio,
98,envio de ordem de cambio,
50,Remessa cambio frança,
48,fechamento de cambio ,
48,fechamento de cambio,
30,receber cambio,
30,Como receber um cambio?,
30,Como receber um cambio?,
39,valor taxa de cambio?,
67,FECHAMENTO DE OPERAÇÃO DE CAMBIO PESSOA JURIDICA,
37,book de natureza cambio,
67,FECHAMENTO DE CAMBIO PESSOA JURIDICA ,
50,como consultar que uma remessa de cambio foi devolvida para sua origem ,
37,onde vejo o limite para o cliente operar com cambio?,
62,consulta remessa de cambio,
37,como que faz um cambio para um cliente ,
12,como consultar devolução de cambio ,
50,como consultar uma devolução de remessa de cambio,
37,cliente na agencia para realizar cambio pagamento para pamento de escola,
37,compra e recepção de cambio pf,
5,recepção de cambio pf,
37,abertura de conta pj com utilização de cambio,
1,devolução de ordem de pagamento de cambio para o exterior ,
30,como receber cambio PJ,
1,ordem pagamento cambio,
5,fechamento operacao cambio pj,
45,como fechar cambio pj,
62,consulta fechamento de cambio,
1,como consultar ordem de pagamento de cambio,
12,consultar cambio recebido,
62,consulta de cambio?,
43,recebimento de cambio com procuração,
43,recebimento cambio,
37,dúvidas relacionadas ao teor da procuração para liquidação de cambio,
1,ordem de pagamento de cambio,
5,operação de cambio ,
1,ordem de cambio,
30,receber ordem de cambio,
1,LOCALIZAR ORDEM DE PAGAMENTO CAMBIO,
43,recebimento ordem de cambio,
14,como contratar operação de cambio,
14,é possível contratar operação de cambio pelo app,
37,taxas para cambio,
12,como consultar cambio,
12,consultar ordens de cambio,
43,recebimento de cambio,
43,recebimento de cambio,
43,recebimento ordem de cambio,
48,fechamento de cambio,
37,como cadastarar cambio,
37,como realizar um cambio,
7,cadastro de cambio,
5,operação de cambio,
1,como liberar uma ordem de cambio?,
48,fone para fechamento de cambio juridico,
12,como consultar uma ordem de cambio enviada?,
48,Fechamento operação de cambio ,
48,cambio fechamento,
48,cambio fechamento ,
37,cambio moeda,
1,como liberar uma ordem de cambio?,
37,COMO VERIFICAR SE O CLIENTE POSSUI ALGUM IMPEDITIVO PARA RECEBER CAMBIO,
99,como contratar cambio para cliente pessoa fisica?,
37,como cancelar venda de cambio?,
1,COMO CONSULTAR A LIBERACAO DE ORDEM DE PAGAMENTO DE CAMBIO,
37,canal bancario para cambio,
39,TAXA DE CAMBIO ,
99,COMO FECHAR CAMBIO PARA CLIENTE PESSOA FISICA?,
1,EM QUANTO TEMPO ORDEM DE PAGAMENTO DE CAMBIO CREDITA,
77,tarifa de cambio,
5,liquidar operacao de cambio,
43,recebimento de cambio,
1,COMO CREDITAR UMA ORDEM DE PAGAMENTO DE CAMBIO,
15,CENTRAL DE CAMBIO,
43,recebimento de cambio fechamento,
43,recebimento cambio,
43,cambio recebimento,
1,devolução de ordem de pagamento cambio do exterior ,
77,tabela de tarifa cambio,
98,ENVIO DE CAMBIO EXTERIOR,
77,tarifa de servicos de cambio,
37,servicos de cambio,
30,receber cambio,
1,qual prazo para liquidar uma ordem de cambio ,
37,quanto a ordem de cambio fica disponivel PARA liquidação ,
1,ordem de pagamento cambio,
1,ordem de pagamento cambio,
15,CENTRAL DE ATENDIMENTO DE CAMBIO,
1,cliente deseja devolver ordem de pagamento de cambio que recebeu,
98,envio para envio de cambio,
34,envio de email de recebimento de cambio,
37,como repatriar uma operação de cambio?,
30,como receber ordem de cambio,
48,fechamento de cambio,
37,como solicitar aument ode limite de cambio ,
84,Como fazer alteração do limite operacional de cambio do cliente?,
30,como receber cambio,
37,Como liberar cambio em conta corrente?,
71,como cadastrar cliente para cambio,
1,Como consultar ordem de pagamento de cambio?,
37,Como verificar motivo da não liberação de cambio?,
1,como consultar ordem de cambio?,
84,como fazer um cambio ,
57,envio de remessa de cambio ,
57,envio de remessa de cambio ,
48,fechamento de cambio ,
62,consulta cambio,
25,segunda via cambio,
98,onde envio KYC cambio?,
37,tel mesa de cambio,
94,como alterar limite de cambio,
84,fazer transferencia de cambio,
67,para cadastrar o cliente pessoa juridica para operar com cambio ,
5,liquidação de cambio,
42,ESTORNO IO CAMBIO,
42,ESTORNO IOF CAMBIO,
59,COMO AUMENTAR VALOR PARA FECHAMENTO DE CAMBIO RECEBIDO PELOS CANAIS,
52,cartao de cambio,
37,COMO ESTORNAR IOF CAMBIO,
1,ordem de cambio,
43,recebimento de cambio,
37,custo de emissao de cambio,
50,remessa de cambio ,
5,liquidação de cambio por procuração,
5,liquidação de cambio por procuração,
82,Quais são os canais para o cliente enviar uma remessa de cambio?,
37,operação de cambio especie dolar,
37,qual o codigo da operação para cambio venda dolar?,
37,FOMULARIO DE CAMBIO,
59,valor de tarifas cobradas em operações de cambio,
37,termo de adesão para assinatura de contratos de cambio,
59,valor de tarifas cobradas em operações de cambio em conta juridica,
82,enviar ordem de cambio,
55,ENVIO DE CAMBIO PELA CONTA PJ,
37,ENCAMINHAR CAMBIO PELA PJ,
82,ENVIAR CAMBIO PELA PJ,
5,ENCAMINHAR OPERACAO DE CAMBIO PELA PJ,
98,ENVIO DE CAMBIO,
71,cadastrar ordem de cambio,
43,recebimento de cambio,
39,taxa de cambio,
43,recebimento ordem de cambio?,
37,passo a passo envio de cambio pelo app,
48,Fechamento de cambio ,
76,qual é a tarifa cobrada em operações de cambio,
37,cambio pelo app,
37,cambio programado,
50,como consultar uma remessa de cambio devolvida para o pais de origem,
1,ENVIO DE ORDEM DE PAGAMENTO CAMBIO,
62,consulta liquidação de cambio,
12,consultar cambio,
37,Operação de cambio de cheques?,
62,CONSULTA DE CAMBIO,
48,fechamento de cambio ,
55,conta com operação de cambio,
37,devolução de cambio recebido,
50,como consultar ordem de remessa de cambio devolvida,
12,como consultar cambio devolvisd,
14,como contratar cambio pelo mobile?,
77,qual a tarifa de envio de cambio vg?,
57,envio de remessa de cambio,
98,envio de cambio natureza da operação,
48,consultar fechamento de cambio,
48,consultar fechamento de cambio,
43,ordem de cambio recebimento de aluguel ,
39,qual o valor da taxa de emissão de cambio?,
39,qual a taxa de cambio ,
39,qual taxa e cobrada para sacar cambio no chile,
37,mesa de cambio pf,
37,conheça seu cliente cambio,
48,fechamento cambio,
48,fechamento cambio,
34,email do cambio,
74,Status de cambio solicitado cancelamento,
74,Status de cambio solicitado cancelamento,
98,Como verificar status de envio de solictação cambio para areas,
37,Como identicar cambio ,
30,como receber cambio?,
84,como fazer cambio?,
91,contato cambio,
15,central de cambio para funcionarios,
48,fechamento de cambio,
5,TRANSAÇÃO DE CAMBIO,
84,como fazer cambio?,
84,como fazer cambio,
59,cambio enviado ao exterior quando a outra parte recebera valor,
61,Como abrir chamado para cambio ?,
61,como abrir um chamado para um cambio que nao chegou.?,
37,cambio liquidar,
30,receber uma ordem de cambio,
37,como efetivar cambio,
99,mesa cambio pessoa fisica,
43,como consultar recebimento de cambio?,
61,como abrir um chamado para um cambio que nao chegou?,
5,como cadastrar pj para operacao de cambio ,
5,qual procedimento para operacao de cambio,
50,remessa de cambio para o exterior,
37,mesa de cambio pj ,
71,como cadastrar cliente pj para operar com cambio?,
50,naturezas de remessa de cambio,
71,cadastrar cliente pj para operar com cambio,
85,Como solicitar comprovante de cambio?,
85,como solicitar comprovante de cambio,
37,?,
37,??,
37,?,
37,??,
37,?,
37,??,
37,?,
37,??,
37,?,
37,??,
37,?,
37,??,
37,?,
37,??,
54,kkkk,
54,kkkk,
54,kkkk,
54,kkkk,
54,kkkk,
54,kkkk,
32,jsfasfk,
32,jsfasfk,
32,jsfasfk,
32,jsfasfk,
83,oooooooo,
83,oooooooo,
37,qwqe'qwf,
83,oooooooo,
83,oooooooo,
83,oooooooo,
37,o86m,
37,kkkkkkkk,
32,jsfasfk,
32,jsfasfk,
32,jsfasfk,
32,jsfasfk,
32,jsfasfk,
32,jsfasfk,
37,jsfa,
24,hey,
24,hey,
24,hey,
24,hey,
24,hey,
24,hey,
24,hey,
24,hey,
24,hey,
24,hey,
24,hey,
24,hey,
24,hey,
24,hey,
24,hey,
24,hey,
24,hey,
24,hey,
35,hello,
35,hello,
35,hello,
37,oiii,
37,oiii,
37,ola,
37,bom dia,
35,hello,
35,hello,
35,hello,
6,O que é um seguro de vida temporário?,
37,O que é um seguro de vida temporário decrescente?,
37,Quanto custa um seguro de vida?,
88,Posso contratar mais de um seguro de vida ao mesmo tempo?,
88,Qualquer pessoa pode contratar um seguro de vida?,
37,O que é beneficiário? ,
94,É possível alterar o beneficiário?,
87,O que é sinistro?,
87,Como eu declaro sinistro?,
68,Qual a idade limite para a contratação de um seguro de vida?,
6,O que é um seguro de vida?,
37,O que é um seguro de vida inteira resgatável?,
37,Quem pode ser indicado como beneficiario?,
